time_s,cpu_t_degC,motor_command,active_power_W,current_mA,arduino_timestamp_ms,tacho_rpm,imu_x_g,imu_y_g,imu_z_g,WeightOnBit,DrillZ1Position_m,Formation,ROP,formation_change
1615155421.0,26.770999999999997,1.0,457.77429199999995,7064.595703000001,6201.2,0.0,0.22947,0.2625399999999999,0.9419900000000002,32298.25,-0.0010176249999999999,1.0,-9.266666666666624e-05,0.0
1615155421.7,27.087550000000004,1.0,600.4558715999998,5643.051269999998,6259.0,0.0,0.23610000000000006,0.2673,0.9391,6924.6,-0.00192475,1.0,-0.0012958927688671682,0.0
1615155422.2,26.746649999999995,1.0,574.2036743249998,5361.238037250003,6317.65,0.0,0.23389,0.26449500000000015,0.9401200000000003,10345.4,-0.0030287499999999998,1.0,-0.0022079999999999995,0.0
1615155423.0,26.917099999999998,1.0,561.1234771850001,5229.577417150001,6375.6,0.0,0.23307999999999995,0.2628099999999999,0.94296,41547.9,-0.004103000000000001,1.0,-0.001342812580037868,0.0
1615155423.65,27.014499999999998,1.0,554.7744446,5164.842651500001,6423.6,0.0,0.2347399999999999,0.26621999999999996,0.9421799999999999,8495.75,-0.005178875,1.0,-0.0016551920648439746,0.0
1615155424.0,27.1606,1.0,551.6020508,5108.9555660000005,6485.7,0.0,0.23606000000000002,0.26877000000000006,0.9407399999999999,27142.15,-0.006172625000000003,1.0,-0.002839286487929893,0.0
1615155424.9,27.111900000000002,1.0,547.6589203249999,5054.480591000001,6540.9,0.0,0.23275999999999994,0.2616900000000001,0.9436800000000003,20754.35,-0.00707975,1.0,-0.001007916559863982,0.0
1615155425.15,27.47715,1.0,545.4910339550003,5041.097168300001,6603.0,0.0,0.23329999999999992,0.2679,0.9399000000000001,6571.15,-0.008032500000000001,1.0,-0.0038110000000000054,0.0
1615155426.0,27.67195,1.0,543.9059448,5049.964844000001,6654.75,0.0,0.23120000000000007,0.263625,0.9414000000000001,-11359.5,-0.009061125,1.0,-0.001210147194598386,0.0
1615155426.55,27.209300000000002,1.0,543.0332946550001,4997.316381700001,6719.6,0.0,0.2331600000000001,0.26604999999999995,0.94141,-2853.05,-0.01010875,1.0,-0.0019047728924120896,0.0
1615155427.0,27.37975,1.0,543.397582975,4973.745410000001,6774.5,0.0,0.23529999999999998,0.26720000000000005,0.9402499999999998,-32488.15,-0.011213499999999998,1.0,-0.002454999739858863,0.0
1615155428.0,27.282349999999997,1.0,541.6512756,4952.620068400001,6826.25,0.0,0.23407499999999998,0.26555000000000006,0.9396999999999996,4267.6,-0.012246375000000002,1.0,-0.0010328750000000043,0.0
1615155428.45,27.331050000000005,1.0,537.3240722399999,4929.326904700002,6884.8,0.0,0.22927999999999993,0.26240000000000013,0.9406599999999997,-13433.25,-0.013310625000000003,1.0,-0.002364999749395611,0.0
1615155429.0,27.428450000000005,1.0,539.6903076,4928.120605000002,6946.0,0.0,0.24620000000000003,0.2651,0.9385,-3660.65,-0.014405250000000003,1.0,-0.0019902274452753455,0.0
1615155429.8,27.598899999999997,1.0,536.75158083,4945.1003902,7004.65,0.0,0.22588500000000003,0.2641650000000001,0.9439400000000002,-34442.75,-0.015386875000000003,1.0,-0.001227031323136766,0.0
1615155430.25,27.72065,1.0,534.9239746150002,4937.347948900001,7063.3,0.0,0.23447999999999997,0.26568,0.9396500000000001,-6721.05,-0.01648025,1.0,-0.0024297219647596083,0.0
1615155431.0,27.647600000000004,1.0,533.7571868449999,4907.421289,7114.6,0.0,0.23470500000000002,0.2653200000000001,0.9393800000000002,-27137.25,-0.017567999999999997,1.0,-0.0014503333333333313,0.0
1615155431.7,27.623250000000002,1.0,533.1245117,4896.004394999998,7162.35,0.0,0.22996500000000006,0.26412000000000013,0.9412900000000004,-27752.95,-0.018666250000000002,1.0,-0.001568928464553809,0.0
1615155432.25,27.8911,1.0,531.9748535500001,4915.1567871000025,7224.4,0.0,0.23735499999999998,0.26486000000000004,0.9384649999999999,800.9,-0.019742375,1.0,-0.0019565910787227823,0.0
1615155433.0,27.623249999999995,1.0,531.0979340050001,4895.082934700002,7289.0,0.0,0.23079999999999998,0.266,0.9396999999999999,-29139.0,-0.020802624999999998,1.0,-0.0014136666666666649,0.0
1615155433.55,27.623249999999995,1.0,530.7296905750001,4875.731079250001,7344.2,0.0,0.23256000000000002,0.266,0.9404199999999999,-13156.0,-0.021800625,1.0,-0.0018145456118623267,0.0
1615155434.05,28.0859,1.0,531.2794188999999,4875.243652000001,7406.3,0.0,0.23292999999999994,0.26649000000000006,0.9408099999999996,-31757.95,-0.022922249999999998,1.0,-0.0022432499999999952,0.0
1615155435.0,28.06155,1.0,530.7076446799999,4876.416308250001,7454.6,0.0,0.23266,0.26642,0.9410599999999999,16081.1,-0.024006375000000003,1.0,-0.0011411841532464257,0.0
1615155435.45,27.793699999999994,1.0,527.8199951150002,4862.618188149999,7516.7,0.0,0.23299000000000003,0.26621000000000006,0.9410300000000001,-31541.1,-0.02502525,1.0,-0.0022641664267469487,0.0
1615155436.0,27.842399999999998,1.0,525.74711912,4850.653613,7565.0,0.0,0.2346,0.26670000000000005,0.9404000000000001,-1742.5,-0.025997375000000007,1.0,-0.0017675001532381504,0.0
1615155436.75,28.183299999999996,1.0,526.8076172,4848.1547850000015,7633.0,0.0,0.23949999999999996,0.2640000000000001,0.9400999999999998,-59348.35,-0.026957624999999995,1.0,-0.0012803333333333184,0.0
1615155437.2,28.158949999999997,1.0,526.9998321500002,4855.528076249999,7695.1,0.0,0.23013999999999993,0.26732999999999996,0.94127,-99150.05,-0.028047375000000003,1.0,-0.0024216664100576765,0.0
1615155438.0,28.110249999999997,1.0,525.58749084,4859.606835750003,7753.75,0.0,0.23082499999999992,0.26364999999999983,0.9410249999999996,-184252.7,-0.029111750000000002,1.0,-0.0013304688293021211,0.0
1615155438.55,28.0859,1.0,525.1437255799999,4863.5770504,7815.2,0.0,0.23087999999999997,0.26476999999999984,0.9400550000000001,-225412.25,-0.030120624999999995,1.6,-0.0018343183408492854,1.0
1615155439.05,28.49985,1.0,528.2005614999999,4874.152831999998,7873.5,0.0,0.23364999999999997,0.26459999999999995,0.9403000000000002,-356620.25,-0.03128412500000001,2.0,-0.0023270000000000304,1.0
1615155440.0,28.329399999999993,1.0,531.36642764,4917.9460934,7931.8,0.0,0.23421499999999992,0.2631,0.941105,-411304.15,-0.032275125,2.0,-0.0010431578423772104,0.0
1615155440.4,28.30505,1.0,533.58071288,4913.830761799999,7982.9,0.0,0.23014,0.26322,0.9412999999999997,-433751.2,-0.033311875000000005,2.0,-0.002591874382049,0.0
1615155441.0,28.524199999999997,1.0,535.4380736999999,4924.5721195000015,8045.0,0.0,0.23499999999999996,0.2643000000000001,0.9412999999999997,-439753.9,-0.034429,2.0,-0.0018618752959371028,0.0
1615155441.95,28.3294,1.0,537.0766540550001,4968.88403335,8114.0,0.0,0.2283,0.26719999999999994,0.9426,-452499.9,-0.03561975,2.0,-0.0012534209897181337,0.0
1615155442.6,28.329399999999993,1.0,536.3973389000001,4973.5615229999985,8182.0,0.0,0.2378,0.265,0.9408999999999995,-492927.8,-0.036812625,2.0,-0.0018351927115791173,0.0
1615155443.1,28.232,1.0,538.0393065999999,4980.516113000001,8247.55,0.0,0.23295499999999997,0.2648100000000001,0.94299,-443670.6,-0.037976125000000006,2.0,-0.0023270000000000096,0.0
1615155444.0,28.256350000000005,1.0,537.1936157400003,4988.030859399998,8289.5,0.0,0.23457000000000003,0.26370000000000005,0.9421099999999999,-441775.35,-0.039020125,2.0,-0.001159999877081986,0.0
1615155444.55,28.64595,1.0,537.2229980799999,4988.337402599999,8338.0,0.0,0.23487500000000003,0.26344999999999985,0.9412749999999998,-441624.05,-0.040107125,2.0,-0.00197636380770976,0.0
1615155445.0,28.5242,1.0,538.0859954999999,4984.49123575,8389.0,0.0,0.2312,0.26539999999999997,0.9411999999999999,-455869.85,-0.041174,2.0,-0.0023708330821108244,0.0
1615155445.95,28.597250000000003,1.0,543.3160399999999,4994.464844000001,8451.1,0.0,0.23606000000000008,0.26549,0.93994,-414766.2,-0.042176625,2.0,-0.0010553946838682735,0.0
1615155446.25,28.719000000000005,1.0,540.5463195399999,4988.688793850001,8502.2,0.0,0.23237500000000008,0.26536999999999994,0.9414899999999996,-452161.6,-0.043171875000000005,2.0,-0.003317500527302518,0.0
1615155447.0,28.9138,1.0,538.22098996,4996.778613,8553.6,0.0,0.23278000000000004,0.2646999999999999,0.9419199999999996,-440123.0,-0.0442325,2.0,-0.0014141666666666608,0.0
1615155447.75,28.621599999999994,1.0,536.6722412,5017.578613000001,8622.6,0.0,0.23472000000000004,0.2647199999999999,0.9414400000000003,-407459.05,-0.045333624999999995,2.0,-0.0014681666666666593,0.0
1615155448.1,28.597249999999995,1.0,542.5579834,5006.462891000001,8681.0,0.0,0.23307499999999992,0.26639999999999986,0.9412749999999999,-389718.6,-0.04633875,2.0,-0.002871786496785443,0.0
1615155449.0,29.084250000000004,1.0,543.370559725,5008.850952499999,8732.0,0.0,0.2374999999999999,0.2673,0.9396999999999999,-365374.6,-0.04739462499999999,2.0,-0.0011731943201282909,0.0
1615155449.5,28.79205,1.0,542.95924076,5009.536670200001,8797.55,0.0,0.23199,0.2667300000000001,0.9386549999999998,-361973.6,-0.04838287499999999,2.0,-0.001976500000000006,0.0
1615155450.0,28.792050000000007,1.0,541.3674927,5009.279297,8845.2,0.0,0.23462500000000008,0.26663500000000007,0.9393799999999999,-373454.0,-0.049415125000000004,2.0,-0.0020645000000000246,0.0
1615155450.9,28.8651,1.0,542.2842681599998,5015.326733849998,8893.15,0.0,0.235045,0.2668449999999999,0.94008,-347560.8,-0.050479750000000004,2.0,-0.001182916541320319,0.0
1615155451.3,28.91379999999999,1.0,545.1832427999999,5023.442749,8958.7,0.0,0.23367999999999994,0.2672100000000001,0.9409300000000002,-326197.65,-0.051534,2.0,-0.0026356259425732876,0.0
1615155452.0,29.084249999999997,1.0,546.1808075200001,5033.644750999998,9007.0,0.0,0.2355,0.267,0.9417000000000005,-330390.75,-0.05261775,2.0,-0.0015482141802505562,0.0
1615155452.75,29.13295,1.0,545.5317688300001,5037.2145021999995,9071.6,0.0,0.23255500000000007,0.26605,0.9403700000000003,-374155.6,-0.053647625,2.0,-0.001373166666666666,0.0
1615155453.05,28.88945,1.0,539.1698608,4985.711914,9113.5,0.0,0.23377499999999998,0.26550500000000005,0.9414549999999997,-478481.6,-0.054627625,2.0,-0.0032666671858894384,0.0
1615155454.0,29.157300000000003,1.0,535.7210601850002,4968.656714149998,9168.8,0.0,0.23521500000000012,0.26520499999999986,0.9424349999999999,-501515.4,-0.05564187500000002,2.0,-0.0010676315253593514,0.0
1615155454.35,29.13295,1.0,534.0177673599999,4957.4815433999975,9230.25,0.0,0.23505000000000012,0.2654500000000001,0.941775,-485596.3,-0.056618875,2.0,-0.00279142933203264,0.0
1615155455.0,28.840750000000003,1.0,534.3765258999999,4952.834472999999,9288.9,0.0,0.23307000000000005,0.26561,0.9398500000000002,-483380.1,-0.05764699999999999,2.0,-0.0015817305371606338,0.0
1615155455.75,29.011200000000002,1.0,529.76280518,4932.206347400001,9351.0,0.0,0.2355,0.26569999999999994,0.9421000000000002,-540732.25,-0.05863825000000002,2.0,-0.0013216666666667025,0.0
1615155456.2,29.206,1.0,530.9007202199998,4910.2812498,9432.8,0.0,0.23608000000000007,0.26536000000000004,0.9425600000000001,-505046.95,-0.059719,2.0,-0.0024016664121769018,0.0
1615155457.0,29.3034,1.0,531.4097290000002,4905.471313499999,9505.0,0.0,0.23452500000000004,0.2664499999999999,0.9421249999999999,-514366.1,-0.060796249999999996,2.0,-0.001346562580261378,0.0
1615155457.6,29.230349999999998,1.0,528.3540649,4924.577636999999,9559.45,0.0,0.23601500000000003,0.26548,0.9424100000000001,-487709.25,-0.061832750000000006,2.0,-0.00172750027457879,0.0
1615155458.1,29.279049999999994,1.0,533.3071411000002,4908.487939199998,9625.0,0.0,0.2344,0.267,0.9406999999999999,-513335.4,-0.06296549999999998,2.0,-0.002265499999999948,0.0
1615155459.0,29.108599999999996,1.0,535.1725921499999,4901.680908500002,9694.0,0.0,0.23240000000000008,0.26339999999999997,0.9445,-486036.9,-0.06399399999999998,2.0,-0.0011427776566847018,0.0
1615155459.45,29.27905,1.0,535.45338135,4899.557959399999,9745.0,0.0,0.23472500000000002,0.26610000000000006,0.9411999999999999,-491027.45,-0.06502075,2.0,-0.0022816664248926383,0.0
1615155460.0,29.254700000000003,1.0,535.0856934000001,4898.508300999999,9799.95,0.0,0.2346200000000001,0.26584499999999994,0.9400999999999998,-504651.8,-0.06602875,2.0,-0.0018327274316204528,0.0
1615155460.8,29.473850000000006,1.0,532.6041260000001,4899.645019999998,9844.8,0.0,0.2342200000000001,0.26515999999999995,0.9400399999999998,-558530.0,-0.06701225,2.0,-0.0012293750732764624,0.0
1615155461.1,29.23035000000001,1.0,533.1401763950001,4902.836108599999,9900.0,0.0,0.2355,0.2661999999999999,0.9398,-488956.4,-0.06800387499999999,2.0,-0.003305417192048567,0.0
1615155462.0,29.3521,1.0,534.3352813499998,4905.617187500001,9965.55,0.0,0.23141499999999998,0.26544,0.9409400000000001,-532521.3,-0.069122875,2.0,-0.0012433332015850164,0.0
1615155462.65,29.206,1.0,535.9550780999999,4902.259766000001,10017.3,0.0,-0.26412,0.24621999999999994,0.5399000000000002,-579571.95,-0.07017587499999998,2.0,-0.0016199997623150275,0.0
1615155463.05,29.3521,1.0,532.89626466,4897.843700900001,10073.0,253.26000000000005,0.2169,0.1076999999999999,0.93475,-561450.55,-0.07124050000000001,2.0,-0.002661563451849333,0.0
1615155464.0,29.546900000000004,1.0,531.4572875800001,4913.084277000001,10115.3,530.0210000000003,0.8122199999999997,-0.04184,1.3735700000000002,-556869.7,-0.07227787499999999,2.0,-0.0010919736294006516,0.0
1615155464.35,29.668649999999996,1.0,530.3922118849998,4923.77048305,10181.0,741.5300000000002,-0.06959999999999997,-0.21499999999999994,0.2222,-570111.75,-0.073274875,2.0,-0.002848572204745791,0.0
1615155465.0,29.59559999999999,1.0,528.633654815,4922.049267199998,10247.6,810.7039999999998,0.4578000000000001,0.5726799999999999,1.0457,-583746.75,-0.07435675,2.0,-0.001664422832720408,0.0
1615155465.9,29.644300000000005,1.0,531.0026245000001,4867.9521479999985,10301.8,852.918,0.17528000000000002,0.5622449999999998,1.1192600000000001,-570244.85,-0.075466,3.0,-0.001232499869399621,1.0
1615155466.35,29.57125000000001,1.0,529.1334381250001,4893.582153000001,10355.8,884.1780000000001,-0.08208000000000001,0.5112599999999998,0.75056,-589206.95,-0.07656975,3.0,-0.002452778817400962,0.0
1615155467.0,29.717349999999993,1.0,529.54631958,4902.125488000001,10399.0,903.1800000000001,-0.19260000000000005,0.5138999999999998,0.21200000000000005,-595889.6,-0.07756312499999998,3.0,-0.001528269006542903,0.0
1615155467.8,29.644299999999998,1.0,530.9864318449999,4902.7703122,10399.0,903.1800000000001,-0.19260000000000005,0.5138999999999998,0.21200000000000005,-978229.15,-0.0786955,3.0,-0.0014154688343685406,0.0
1615155468.25,29.595599999999997,1.0,528.2449951,4906.4243160000005,10399.0,903.1800000000001,-0.19260000000000005,0.5138999999999998,0.21200000000000005,-973338.95,-0.07979862500000001,3.0,-0.002451388629130426,0.0
1615155469.0,29.814749999999997,1.0,533.68403018,4933.829761000002,43150.75,1018.3575000000001,-0.4736999999999999,0.42307500000000003,0.8138,-1178711.75,-0.08087,3.0,-0.0014284999999999808,0.0
1615155469.6,29.5956,1.0,541.9251709000002,5014.217285500001,54115.45,1064.6409999999996,-0.33353000000000016,0.4133400000000001,1.2283799999999996,-1527078.85,-0.08186912500000001,3.0,-0.0016652085980111409,0.0
1615155470.0,29.473850000000006,1.0,549.2064819,5089.768555000001,54159.5,1070.725,-0.22222499999999998,0.4515500000000001,1.2055999999999996,-1686233.5,-0.0828035,3.0,-0.0023359369430692016,0.0
1615155470.9,29.960849999999994,1.0,589.0743011249999,5493.325586250001,54215.0,1076.2299999999998,-0.2660999999999999,0.533,0.7916000000000003,-1589962.85,-0.083786,3.0,-0.0010916665509895134,0.0
1615155471.3,29.8878,1.0,604.97556153,5672.2992188,54285.3,1061.1154999999999,-0.4891599999999999,0.44740499999999994,0.83682,-1212132.25,-0.084847875,3.0,-0.0026546884493905817,0.0
1615155472.0,29.8878,1.0,601.4332122999998,5655.389404250001,54319.0,1060.8880000000004,-0.5026200000000001,0.4041,0.9344800000000003,-1271718.6,-0.08584225,3.0,-0.001420535617519393,0.0
1615155472.7,30.00955,1.0,573.3977295100001,5399.9263672,54364.0,1061.7400000000002,-0.5052000000000001,0.3459000000000001,1.0774000000000004,-1440885.9,-0.086939,3.0,-0.0015667856075569254,0.0
1615155473.15,29.766049999999996,1.0,576.4417114,5382.529297,54429.7,1073.674,-0.6069899999999998,0.29550000000000004,0.6581799999999998,-1412156.25,-0.088028125,3.0,-0.002420277521315935,0.0
1615155474.0,30.00955,1.0,584.6856323199997,5490.789453400002,54477.7,1065.0450000000003,-0.4856400000000002,0.29270499999999994,0.7680750000000003,-1743545.75,-0.08898837500000001,3.0,-0.0011297060091025532,0.0
1615155474.4,29.9852,1.0,607.6858490099999,5750.269385150003,54518.4,1059.1250000000002,-0.3658800000000001,0.26592999999999994,0.9258400000000002,-1878595.8,-0.089980625,3.0,-0.0024806244085730186,0.0
1615155475.0,29.839100000000002,1.0,706.876709,6811.6728520000015,54585.0,1079.15,-0.26489999999999997,0.004299999999999999,1.1935,-1838570.55,-0.09097112499999999,3.0,-0.0016508335957262524,0.0
1615155475.75,29.644300000000005,1.0,706.6992797999997,6721.362793000003,54622.0,1079.3049999999996,-0.42915000000000003,0.18430000000000002,0.9311499999999999,-1787611.5,-0.09198724999999999,3.0,-0.0013548333333333422,0.0
1615155476.05,30.0339,1.0,703.4121459999999,6700.8274414,54669.95,1075.2344999999998,-0.5608950000000001,0.3955000000000001,0.7623699999999998,-1926231.9,-0.092955625,3.0,-0.00322791717973031,0.0
1615155477.0,29.814750000000004,1.0,697.2884673999998,6660.878418,54732.0,1051.2900000000004,-0.3766999999999998,0.5723000000000001,1.2926,-1879084.55,-0.09404674999999998,3.0,-0.0011485525739291895,0.0
1615155477.7,30.204349999999998,1.0,692.5062316999997,6622.458887000001,54788.25,1067.2349999999997,-0.509,0.2860999999999999,0.5931499999999998,-2050940.55,-0.095280125,3.0,-0.0017619641656900146,0.0
1615155478.15,30.155649999999998,1.0,681.6765137000001,6523.625,54836.6,1091.9579999999999,-0.5944999999999998,0.23326000000000008,0.6459199999999999,-2271425.3,-0.09632825,3.0,-0.002329166419859336,0.0
1615155479.0,29.96085,1.0,685.71965332,6533.8323484500015,54892.1,1113.6195000000002,-0.5724349999999998,0.3061900000000001,1.0550150000000003,-2633797.0,-0.09748475000000002,3.0,-0.0013605883879480455,0.0
1615155479.7,30.033900000000006,1.0,698.3595855749998,6658.627587849996,54965.95,1071.4345,-0.161815,0.32512000000000013,0.8281200000000002,-2838570.15,-0.09858462500000001,3.0,-0.0015712498929670755,0.0
1615155480.1,29.88779999999999,1.0,708.32929995,6786.6195069999985,55028.0,1071.6300000000006,-0.5376,0.1405,0.17770000000000008,-2996393.5,-0.099657,3.0,-0.0026809384587782735,0.0
1615155481.0,29.936499999999995,1.0,712.5568848000001,6877.770508,55083.5,1085.355,-0.5339250000000001,0.3421,0.7188250000000003,-3215713.25,-0.10064112500000003,3.0,-0.001093472106353782,0.0
1615155481.45,29.8878,1.0,723.7255310100003,6969.181152700001,55139.0,1082.1949999999997,-0.6174999999999998,0.3599999999999999,0.9722000000000002,-3516214.7,-0.10170050000000001,3.0,-0.0023541664172101887,0.0
1615155482.0,30.009549999999997,1.0,733.5830383500002,7104.669434000001,55176.0,1074.4599999999996,-0.7022999999999997,0.31069999999999987,1.0452,-3573532.45,-0.10271074999999996,3.0,-0.00183681834106595,0.0
1615155482.9,30.082599999999996,1.0,744.889816325,7261.684814750001,55249.0,1064.59,-0.6339000000000001,0.19240000000000004,0.2770000000000001,-3580978.15,-0.10378999999999998,3.0,-0.0011991665395984273,0.0
1615155483.4,30.204349999999998,1.0,752.9605102999998,7356.736328000001,55301.5,1090.021,-0.42235999999999985,0.28732,0.9842800000000003,-3863835.45,-0.10488112500000002,3.0,-0.00218225000000008,0.0
1615155484.0,30.204349999999994,1.0,761.5067993149996,7418.835620199997,55346.2,1091.8810000000003,-0.42002000000000006,0.2921799999999999,1.2013299999999998,-3739551.55,-0.105880375,3.0,-0.0016654169313775244,0.0
1615155484.75,30.18,1.0,767.3098388599999,7446.9304686000005,55405.4,1067.0940000000005,-0.6213599999999998,0.2111200000000001,0.9437200000000001,-3870719.5,-0.107002,3.0,-0.0014955000000000014,0.0
1615155485.25,29.790400000000005,1.0,773.6642852550002,7501.5401852999985,55472.0,1033.8300000000004,-0.5786999999999998,0.2338,0.4326999999999999,-3871817.05,-0.108081625,3.0,-0.0021592500000000014,0.0
1615155486.0,30.204350000000005,1.0,779.5281859900002,7581.4857909,55526.75,1064.5875,-0.35640000000000016,0.22075000000000006,0.7583499999999999,-4169467.1,-0.10918212500000002,3.0,-0.0014673333333333576,0.0
1615155486.7,30.18,1.0,785.7435913000004,7664.871581999995,55570.9,1072.7575,-0.3289550000000002,0.20603999999999995,0.9339949999999998,-3939646.5,-0.110295375,3.0,-0.001590357034522642,0.0
1615155487.15,30.2774,1.0,787.0057556200001,7952.871581999995,55619.0,1068.8899999999999,-0.41560000000000025,0.18679999999999994,1.0585999999999998,-3581736.25,-0.11138762499999999,3.0,-0.0024272219650245037,0.0
1615155488.0,30.326100000000004,1.0,810.1295440500003,8097.527050749995,55693.0,1061.2099999999996,-0.6969999999999996,0.3495,0.5897000000000001,-3024958.7,-0.11247700000000001,3.0,-0.0012816177908524875,0.0
1615155488.6,30.10695,1.0,828.0794372250002,8169.810180749996,55768.0,1055.7900000000004,-0.17490000000000003,-0.11899999999999995,0.8721999999999998,-3009452.35,-0.11351750000000001,3.0,-0.0017341669423050785,0.0
1615155489.05,30.15565,1.0,825.5149536000005,8110.141602000001,55823.5,1066.4699999999998,-0.149625,0.15475,0.8323750000000002,-3187984.15,-0.114556375,3.0,-0.0023086108664818893,0.0
1615155490.0,30.179999999999996,1.0,829.3199279400002,8137.367748850001,55860.5,1066.155,-0.25860000000000005,0.31379999999999997,0.8556250000000001,-3374356.55,-0.11559387500000003,3.0,-0.0010921052083414633,0.0
1615155490.4,30.058250000000005,1.0,831.8137328999995,8191.860156399998,55916.0,1054.53,-0.6107999999999999,0.5172000000000001,0.9651999999999997,-3529337.35,-0.116599125,3.0,-0.00251312440082438,0.0
1615155491.0,30.0339,1.0,837.0149688749998,8275.777588250003,55982.6,1062.6390000000006,-0.49352999999999997,0.17006999999999997,0.32584000000000013,-3620195.55,-0.11767874999999998,3.0,-0.0017993752860029774,0.0
1615155491.9,30.3748,1.0,849.515588355,8430.5119142,56030.7,1068.9959999999996,-0.6242149999999997,0.21075499999999994,0.45214,-3709318.85,-0.11875937499999997,3.0,-0.0012006943172142828,0.0
1615155492.45,30.204349999999998,1.0,859.8057861,8475.306641000001,56100.5,1062.1549999999997,-0.5202000000000002,0.3497,0.7115999999999999,-3693433.1,-0.119938875,3.0,-0.002144545640472605,0.0
1615155493.0,30.277399999999993,1.0,862.6678954749999,8551.66635785,56155.75,1058.1399999999999,-0.3853000000000001,0.33842500000000003,0.721675,-3835473.9,-0.12103375000000001,3.0,-0.0019906819907693153,0.0
1615155493.85,30.228700000000003,1.0,862.1308929399996,8558.159570749998,56212.0,1080.0099999999998,-0.6454000000000002,0.08230000000000001,0.45790000000000025,-3770818.9,-0.12200975000000003,3.0,-0.0011482354229462137,0.0
1615155494.15,30.32609999999999,1.0,860.8572387999997,8549.625977,56263.8,1086.2889999999998,-0.42784000000000005,0.25821,0.6014700000000002,-3974353.85,-0.12301762499999999,3.0,-0.003359581197369011,0.0
1615155495.0,30.228699999999993,1.0,866.8491211,8610.984375,56307.9,1082.3859999999997,-0.2670699999999999,0.39927000000000007,0.7140899999999999,-3901648.8,-0.12404199999999999,3.0,-0.0012051471940373961,0.0
1615155495.7,30.18,1.0,886.4207031099999,8853.15551795,56359.0,1067.0,-0.1095,0.5525000000000001,0.8332999999999998,-3990157.05,-0.12525662499999998,3.0,-0.0017351784532289153,0.0
1615155496.3,30.253049999999995,1.0,889.0172210450003,8879.757129100002,56429.3,1074.0869999999995,-0.6696199999999998,0.21553499999999998,0.6074849999999998,-4016919.55,-0.126425875,3.0,-0.0019487503097455376,0.0
1615155497.0,30.131299999999992,1.0,890.98292234,8892.334375,56470.0,1080.465,-0.6192000000000003,0.21979999999999994,0.866,-3997063.0,-0.12738975000000002,3.0,-0.001376964191916088,0.0
1615155497.6,30.179999999999996,1.0,900.6921996999996,8977.394531,56536.6,1081.0219999999995,-0.34702000000000005,0.2822000000000001,1.2028799999999997,-3919226.0,-0.12846324999999997,3.0,-0.0017891669510470107,0.0
1615155498.05,30.2774,1.0,899.8866363700001,8910.722900200004,56581.0,1072.85,-0.0586,0.34280000000000016,1.3025999999999993,-3850160.6,-0.12959012499999994,3.0,-0.0025041664013155836,0.0
1615155499.0,30.30175,1.0,903.9571655100001,9022.195703199995,56647.6,1072.3729999999998,-0.6720399999999997,0.23984,0.80184,-2773195.35,-0.13065312499999998,3.0,-0.0011189473122573373,0.0
1615155499.5,30.25305,1.0,887.0822998,8840.575195399997,56706.8,1093.922,-0.12979999999999986,0.36972999999999995,1.3027699999999998,-1144522.35,-0.131728875,3.0,-0.0021515000000000284,0.0
1615155500.0,30.277399999999993,1.0,859.1259766000001,8494.227538999996,56761.85,1089.6034999999997,-0.09878000000000002,0.25237000000000015,1.3138700000000008,-479681.5,-0.132658875,3.0,-0.0018600000000000283,0.0
1615155500.75,30.30174999999999,1.0,745.6628570500004,7236.8123288000015,56809.4,1069.3049999999998,-0.4083400000000001,0.0518,1.0270900000000003,-537127.2,-0.13366275,3.0,-0.0013384999999999831,0.0
1615155501.2,30.30175,1.0,667.9928009200001,6375.2238035499995,56876.0,1035.9599999999996,-0.6579999999999999,0.20390000000000003,0.9478000000000005,-567669.35,-0.134731125,3.0,-0.002374166415090964,0.0
1615155502.0,30.326100000000004,1.0,634.5557098550004,6013.645776250002,56941.7,1067.649,-0.6579999999999999,0.12308000000000005,1.0047700000000002,-616872.6,-0.13582887500000002,3.0,-0.0013721875817887638,0.0
1615155502.7,30.228699999999996,1.0,630.1054077000002,5981.835449000002,56986.0,1071.5150000000003,-0.5972000000000002,0.13430000000000003,0.7802000000000004,-774861.15,-0.136933375,3.0,-0.0015778570353741344,0.0
1615155503.05,30.25305,1.0,629.9548950000002,5982.850586,57023.0,1071.8600000000001,-0.5364000000000002,0.15450000000000003,0.5493,-787911.45,-0.137963875,3.0,-0.002944286516540173,0.0
1615155504.0,30.1313,1.0,631.1433593399998,5978.668749799998,57094.25,1060.1844999999998,-0.44396499999999994,0.2305,0.9706250000000001,-822332.8,-0.13893699999999998,3.0,-0.0010243420538479245,0.0
1615155504.45,30.69135000000001,1.0,630.2947662099997,5951.324633599997,57138.15,1063.1999999999996,-0.14903000000000005,0.40906999999999993,1.1156150000000005,-800009.2,-0.14002675,3.0,-0.002421666410057723,0.0
1615155505.0,30.228700000000003,1.0,627.2473754999997,5905.720214999998,57181.95,1072.0364999999997,-0.02613499999999997,0.53621,1.1421350000000001,-738398.6,-0.141029875,3.0,-0.0018238637944883573,0.0
1615155505.75,30.326099999999997,1.0,627.7001770200001,5895.788134499999,57244.0,1105.28,-0.6746,0.4473000000000001,0.7230000000000003,-752705.9,-0.14196749999999997,3.0,-0.0012501666666666262,0.0
1615155506.2,30.3748,1.0,632.4611633600001,5962.0385983000015,57299.5,1082.0525,-0.17690000000000008,0.73725,1.1100000000000003,-933752.5,-0.14306400000000002,3.0,-0.002436666408468327,0.0
1615155507.0,30.204349999999998,1.0,634.7814209200001,6004.706152000002,57336.5,1072.2749999999992,-0.1837,0.6449249999999999,1.01585,-882456.45,-0.1440745,3.0,-0.0012631250752880836,0.0
1615155507.5,30.204349999999998,1.0,633.9163817999998,6030.306152000002,57392.0,1066.1699999999996,-0.7018000000000002,0.07800000000000001,0.3464,-685846.4,-0.145083125,3.0,-0.002017250000000026,0.0
1615155508.0,30.228699999999996,1.0,624.2494873200001,5914.545214400003,57461.35,1079.5365000000002,-0.6684550000000001,0.21043000000000003,0.5961549999999998,-580507.0,-0.1460445,3.0,-0.001922749999999973,0.0
1615155508.7,30.350450000000002,1.0,620.9427795600002,5875.249560200001,57506.25,1073.0844999999997,-0.3233900000000002,0.1636100000000001,0.7088500000000002,-557522.85,-0.14699199999999996,3.0,-0.0013535713363666446,0.0
1615155509.1,30.447850000000006,1.0,618.8661499000002,5851.086914,57569.6,1067.5939999999996,-0.27325999999999995,0.06592,0.6009000000000003,-624225.35,-0.14799849999999998,3.0,-0.0025162508998814994,0.0
1615155510.0,30.56960000000001,1.0,622.2391601450001,5865.1239990500035,57629.0,1069.3880000000001,-0.6156799999999999,0.01876,0.40884,-666095.1,-0.14880812499999993,3.0,-0.0008995832380100109,0.0
1615155510.5,30.496549999999996,1.0,618.6697448400001,5851.995385549999,57689.0,1074.3800000000006,-0.6007999999999998,0.15220000000000006,0.7769999999999997,-644524.9,-0.14953687499999996,3.0,-0.001457500000000056,0.0
1615155511.0,30.39915,1.0,615.6098144100001,5838.3652829,57758.35,1063.721,-0.4187800000000001,-0.08178500000000002,0.4060249999999999,-644448.35,-0.150086875,0.9,-0.001100000000000101,1.0
1615155511.9,30.253049999999995,1.0,613.1531921000002,5821.640649150001,57807.0,1064.468,-0.5346599999999999,-0.07207999999999995,0.5912200000000002,-750120.05,-0.15054962500000002,0.0,-0.000514166612183625,1.0
1615155512.4,30.69135,1.0,612.6880493000002,5777.100586,57855.75,1065.4350000000002,-0.6076249999999999,0.0663,0.8058250000000002,-1625924.1,-0.15092812499999997,0.0,-0.0007569999999998966,0.0
1615155513.0,29.960850000000004,1.0,709.11411743,6831.587695199999,57912.0,1065.72,-0.5755999999999999,0.4374000000000001,1.0402,-1745412.35,-0.15121725,0.0,-0.00048187507659202893,0.0
1615155513.85,30.54525,1.0,756.6561065899998,7352.719555350001,57975.75,1066.043,-0.5742399999999999,-0.06749999999999999,0.6603349999999997,-1712979.35,-0.15142524999999996,0.0,-0.0002447059098081557,0.0
1615155514.3,30.618300000000005,1.0,763.3074707349999,7423.520043500003,58024.0,1055.7750000000003,-0.55075,0.08014999999999999,0.97805,-1259765.5,-0.15144787500000007,0.0,-5.027777245039633e-05,0.0
